epoch	time	lr	loss	cross_entropy	val_loss	val_cross_entropy
1	22.112186457999996	0.001	0.8026401407089387	0.8026401407089387	1.1305064554090611	1.1305064554090611
